{
  "formula": "dN/dtheta = C * sin(theta_deg) / sin(theta_deg/2)^4, theta in degrees",
  "C": 24.800802172368403,
  "quantile_requested": 0.95,
  "coverage_achieved": 0.9477124183006536,
  "binwidth": 1.0,
  "curve_theta_deg": [
    0.15,
    0.9758793969849247,
    1.8017587939698492,
    2.627638190954774,
    3.4535175879396984,
    4.279396984924624,
    5.105276381909548,
    5.931155778894473,
    6.757035175879397,
    7.582914572864322,
    8.408793969849247,
    9.234673366834171,
    10.060552763819096,
    10.88643216080402,
    11.712311557788945,
    12.538190954773869,
    13.364070351758794,
    14.18994974874372,
    15.015829145728643,
    15.841708542713569,
    16.667587939698493,
    17.493467336683416,
    18.31934673366834,
    19.145226130653263,
    19.97110552763819,
    20.796984924623114,
    21.622864321608038,
    22.448743718592965,
    23.27462311557789,
    24.100502512562812,
    24.926381909547736,
    25.752261306532663,
    26.578140703517587,
    27.40402010050251,
    28.229899497487438,
    29.05577889447236,
    29.881658291457285,
    30.70753768844221,
    31.533417085427136,
    32.359296482412056,
    33.185175879396986,
    34.01105527638191,
    34.836934673366834,
    35.66281407035176,
    36.48869346733668,
    37.314572864321605,
    38.14045226130653,
    38.96633165829146,
    39.79221105527638,
    40.618090452261306,
    41.44396984924623,
    42.26984924623115,
    43.09572864321608,
    43.921608040201,
    44.74748743718593,
    45.573366834170855,
    46.39924623115578,
    47.2251256281407,
    48.051005025125626,
    48.87688442211055,
    49.70276381909547,
    50.528643216080404,
    51.35452261306533,
    52.18040201005025,
    53.006281407035175,
    53.8321608040201,
    54.65804020100502,
    55.483919597989946,
    56.30979899497488,
    57.1356783919598,
    57.961557788944724,
    58.78743718592965,
    59.61331658291457,
    60.439195979899495,
    61.26507537688442,
    62.09095477386935,
    62.91683417085427,
    63.742713567839196,
    64.56859296482412,
    65.39447236180905,
    66.22035175879398,
    67.0462311557789,
    67.87211055276383,
    68.69798994974875,
    69.52386934673368,
    70.34974874371859,
    71.17562814070352,
    72.00150753768845,
    72.82738693467337,
    73.6532663316583,
    74.47914572864322,
    75.30502512562815,
    76.13090452261306,
    76.956783919598,
    77.78266331658293,
    78.60854271356784,
    79.43442211055277,
    80.26030150753769,
    81.08618090452262,
    81.91206030150754,
    82.73793969849247,
    83.5638190954774,
    84.38969849246232,
    85.21557788944725,
    86.04145728643216,
    86.8673366834171,
    87.69321608040201,
    88.51909547738694,
    89.34497487437187,
    90.17085427135679,
    90.99673366834172,
    91.82261306532664,
    92.64849246231157,
    93.47437185929648,
    94.30025125628141,
    95.12613065326634,
    95.95201005025126,
    96.77788944723619,
    97.60376884422111,
    98.42964824120604,
    99.25552763819096,
    100.08140703517589,
    100.90728643216082,
    101.73316582914573,
    102.55904522613066,
    103.38492462311558,
    104.21080402010051,
    105.03668341708543,
    105.86256281407036,
    106.68844221105529,
    107.5143216080402,
    108.34020100502514,
    109.16608040201005,
    109.99195979899498,
    110.8178391959799,
    111.64371859296483,
    112.46959798994976,
    113.29547738693468,
    114.12135678391961,
    114.94723618090453,
    115.77311557788946,
    116.59899497487437,
    117.4248743718593,
    118.25075376884423,
    119.07663316582915,
    119.90251256281408,
    120.728391959799,
    121.55427135678393,
    122.38015075376885,
    123.20603015075378,
    124.0319095477387,
    124.85778894472362,
    125.68366834170855,
    126.50954773869347,
    127.3354271356784,
    128.16130653266333,
    128.98718592964823,
    129.81306532663316,
    130.6389447236181,
    131.46482412060303,
    132.29070351758796,
    133.11658291457286,
    133.9424623115578,
    134.76834170854272,
    135.59422110552765,
    136.42010050251258,
    137.24597989949748,
    138.07185929648242,
    138.89773869346735,
    139.72361809045228,
    140.54949748743718,
    141.3753768844221,
    142.20125628140704,
    143.02713567839197,
    143.8530150753769,
    144.6788944723618,
    145.50477386934674,
    146.33065326633167,
    147.1565326633166,
    147.98241206030153,
    148.80829145728643,
    149.63417085427136,
    150.4600502512563,
    151.28592964824122,
    152.11180904522612,
    152.93768844221105,
    153.76356783919599,
    154.58944723618092,
    155.41532663316585,
    156.24120603015075,
    157.06708542713568,
    157.8929648241206,
    158.71884422110554,
    159.54472361809047,
    160.37060301507537,
    161.1964824120603,
    162.02236180904524,
    162.84824120603017,
    163.67412060301507,
    164.5
  ],